Name,Role,Slug,Link,QR file
Abdul Basith P V,MDC,abdul-basith-p-v,https://ieeesbvjec.in/badge-profiles/index.html#/profile/abdul-basith-p-v,qr-codes/abdul-basith-p-v.png
Aswin,PUBLICLY COORDINATOR,aswin,https://ieeesbvjec.in/badge-profiles/index.html#/profile/aswin,qr-codes/aswin.png
Adarsh K Biju,Technical Coordinator,adarsh-k-biju,https://ieeesbvjec.in/badge-profiles/index.html#/profile/adarsh-k-biju,qr-codes/adarsh-k-biju.png
Sandra Nambiar,Social Media Manager,sandra-nambiar,https://ieeesbvjec.in/badge-profiles/index.html#/profile/sandra-nambiar,qr-codes/sandra-nambiar.png
Milan Biju,Event Coordinator,milan-biju,https://ieeesbvjec.in/badge-profiles/index.html#/profile/milan-biju,qr-codes/milan-biju.png
Tessa Mariya,Joint secretary,tessa-mariya,https://ieeesbvjec.in/badge-profiles/index.html#/profile/tessa-mariya,qr-codes/tessa-mariya.png
Ajith Mathew,EVENT COORDINATOR,ajith-mathew,https://ieeesbvjec.in/badge-profiles/index.html#/profile/ajith-mathew,qr-codes/ajith-mathew.png
Shiva Keshav V,Treasurer,shiva-keshav-v,https://ieeesbvjec.in/badge-profiles/index.html#/profile/shiva-keshav-v,qr-codes/shiva-keshav-v.png
Abhin K Shibu James,Joint technical coordinator,abhin-k-shibu-james,https://ieeesbvjec.in/badge-profiles/index.html#/profile/abhin-k-shibu-james,qr-codes/abhin-k-shibu-james.png
Elsitta Binu,Event Coordinator,elsitta-binu,https://ieeesbvjec.in/badge-profiles/index.html#/profile/elsitta-binu,qr-codes/elsitta-binu.png
Samanway T K,Secretary,samanway-t-k,https://ieeesbvjec.in/badge-profiles/index.html#/profile/samanway-t-k,qr-codes/samanway-t-k.png
Leo Mathew Roy,Content Lead,leo-mathew-roy,https://ieeesbvjec.in/badge-profiles/index.html#/profile/leo-mathew-roy,qr-codes/leo-mathew-roy.png
Sanju Santy,Publicity Coordinator,sanju-santy,https://ieeesbvjec.in/badge-profiles/index.html#/profile/sanju-santy,qr-codes/sanju-santy.png
Abhiram M S,Technical Coordinator,abhiram-m-s,https://ieeesbvjec.in/badge-profiles/index.html#/profile/abhiram-m-s,qr-codes/abhiram-m-s.png
Simon Joseph,Vice Chair,simon-joseph,https://ieeesbvjec.in/badge-profiles/index.html#/profile/simon-joseph,qr-codes/simon-joseph.png
Alan Antony,Chairperson,alan-antony,https://ieeesbvjec.in/badge-profiles/index.html#/profile/alan-antony,qr-codes/alan-antony.png
Vaishnavi Sasi,Link Representative,vaishnavi-sasi,https://ieeesbvjec.in/badge-profiles/index.html#/profile/vaishnavi-sasi,qr-codes/vaishnavi-sasi.png
Rohn Roy,Web Master,rohn-roy,https://ieeesbvjec.in/badge-profiles/index.html#/profile/rohn-roy,qr-codes/rohn-roy.png
Abhinav R,DESIGN LEAD,abhinav-r,https://ieeesbvjec.in/badge-profiles/index.html#/profile/abhinav-r,qr-codes/abhinav-r.png
